{
  "type": "FeatureCollection",
  "features": [
    {
      "type": "Feature",
      "geometry": {
        "type": "Point",
        "coordinates": [
          106.74801809808174,
          10.790631876316711
        ]
      },
      "properties": {
        "name": "Trường Quốc tế Đức TP.HCM (IGS)",
        "display_name": "Trường Quốc tế Đức TP.HCM (IGS)  253/11 (251A, Lương Định Của, An Phú, Thủ Đức, Hồ Chí Minh 700000, Việt Nam"
      }
    },
    {
      "type": "Feature",
      "geometry": {
        "type": "Point",
        "coordinates": [
          106.67988145390436,
          10.761116511513002
        ]
      },
      "properties": {
        "name": "Trường THCS Thực hành Sài Gòn",
        "display_name": "Trường THCS Thực hành Sài Gòn  220 Đường Trần Bình Trọng, Phường 4, Quận 5, Hồ Chí Minh, Việt Nam"
      }
    },
    {
      "type": "Feature",
      "geometry": {
        "type": "Point",
        "coordinates": [
          105.85223384239498,
          21.023547214452826
        ]
      },
      "properties": {
        "name": "Trường THCS Trung Vương",
        "display_name": "Trường THCS Trung Vương  26 P. Hàng Bài, Hàng Bài, Hoàn Kiếm, Hà Nội, Việt Nam"
      }
    },
    {
      "type": "Feature",
      "geometry": {
        "type": "Point",
        "coordinates": [
          105.83512908231712,
          21.005811640319514
        ]
      },
      "properties": {
        "name": "Trường THCS Đống Đa",
        "display_name": "Trường THCS Đống Đa  28 P. Lương Định Của, Phương Đình, Đống Đa, Hà Nội 100000, Việt Nam"
      }
    },
    {
      "type": "Feature",
      "geometry": {
        "type": "Point",
        "coordinates": [
          105.8555969,
          21.0206926
        ]
      },
      "properties": {
        "name": "Trường THPT Chu Văn An",
        "display_name": "Trường THPT Chu Văn An  18 Phan Chu Trinh, Hoàn Kiếm, Hà Nội, Vietnam"
      }
    },
    {
      "type": "Feature",
      "geometry": {
        "type": "Point",
        "coordinates": [
          105.7827903631226,
          21.04043827402446
        ]
      },
      "properties": {
        "name": "Trường THPT Chuyên Ngoại ngữ Hà Nội",
        "display_name": "Trường THPT Chuyên Ngoại ngữ Hà Nội  2 Đ. Phạm Văn Đồng, Mai Dịch, Cầu Giấy, Hà Nội, Việt Nam"
      }
    },
    {
      "type": "Feature",
      "geometry": {
        "type": "Point",
        "coordinates": [
          108.1383355,
          15.987104
        ]
      },
      "properties": {
        "name": "Trường THPT Hoa Vang Đà Nẵng",
        "display_name": "Trường THPT Hoa Vang Đà Nẵng  Hoa Vang, Đà Nẵng, Vietnam"
      }
    },
    {
      "type": "Feature",
      "geometry": {
        "type": "Point",
        "coordinates": [
          105.76761467123042,
          21.030206580061858
        ]
      },
      "properties": {
        "name": "Trường THPT Lomonosov Hà Nội",
        "display_name": "Trường THPT Lomonosov Hà Nội  6 P. Trần Văn Cẩn, Mỹ Đình, Nam Từ Liêm, Hà Nội 100000, Việt Nam"
      }
    },
    {
      "type": "Feature",
      "geometry": {
        "type": "Point",
        "coordinates": [
          105.87381484778197,
          21.0468048925014
        ]
      },
      "properties": {
        "name": "Trường THPT Nguyễn Gia Thiều",
        "display_name": "Trường THPT Nguyễn Gia Thiều  27 ngõ 298, Ngọc Lâm, Long Biên, Hà Nội, Việt Nam"
      }
    },
    {
      "type": "Feature",
      "geometry": {
        "type": "Point",
        "coordinates": [
          106.70234688402896,
          10.7790689196392
        ]
      },
      "properties": {
        "name": "Trường THPT Trần Đại Nghĩa",
        "display_name": "Trường THPT Trần Đại Nghĩa  20 Lý Tự Trọng, Quận 1, TP.HCM, Vietnam"
      }
    },
    {
      "type": "Feature",
      "geometry": {
        "type": "Point",
        "coordinates": [
          105.813965,
          21.0712057
        ]
      },
      "properties": {
        "name": "Trường Việt Đức Hà Nội",
        "display_name": "Trường Việt Đức Hà Nội  16 Nhật Chiêu, Tây Hồ, Hà Nội, Vietnam"
      }
    },
    {
      "type": "Feature",
      "geometry": {
        "type": "Point",
        "coordinates": [
          106.61415991969044,
          11.107665406558066
        ]
      },
      "properties": {
        "name": "Trường Đại học Việt Đức (VGU)",
        "display_name": "Trường Đại học Việt Đức (VGU)  Đ. VĐ 4, Thới Hoà, Bến Cát, Bình Dương 75000, Việt Nam"
      }
    },
    {
      "type": "Feature",
      "geometry": {
        "type": "Point",
        "coordinates": [
          105.7810891,
          21.0406284
        ]
      },
      "properties": {
        "name": "ULIS Middle School (UMS)",
        "display_name": "ULIS Middle School (UMS)  Phạm Văn Đồng, Cầu Giấy, Hà Nội, Vietnam"
      }
    }
  ]
}