{
  "type": "FeatureCollection",
  "features": [
    {
      "type": "Feature",
      "geometry": {
        "type": "Point",
        "coordinates": [
          14.25227,
          53.05747
        ]
      },
      "properties": {
        "name": "Uckermärkischer Bildungsverbund gGmbH",
        "display_name": "Uckermärkischer Bildungsverbund gGmbH Fred Zehrt Kunower Straße 3 16303 Schwedt/Oder f.zehrt@ubv-schwedt.de 03332 4509 47"
      }
    },
    {
      "type": "Feature",
      "geometry": {
        "type": "Point",
        "coordinates": [
          7.61545,
          51.9443
        ]
      },
      "properties": {
        "name": "IHK Nord Westfalen",
        "display_name": "IHK Nord Westfalen Dr. André Boeing Sentmaringer Weg 61 48151 Münster andre.boeing@ihk-nordwestfalen.de 0251 707 413 | Anke Leufgen Sentmaringer Weg 61 48151 Münster anke.leufgen@ihk-nordwestfalen.de 0251 707411"
      }
    },
    {
      "type": "Feature",
      "geometry": {
        "type": "Point",
        "coordinates": [
          6.7839677,
          51.224759
        ]
      },
      "properties": {
        "name": "IHK Düsseldorf",
        "display_name": "IHK Düsseldorf Georg Judin Ernst-Schneider-Platz 1 40212 Düsseldorf georg.judin@duesseldorf.ihk.de 0211 3557 365 | Rachid El Mellah Ernst-Schneider-Platz 1 40212 Düsseldorf elmellah@duesseldorf.ihk.de 0211 3557 423 | Harun Tarim Ernst-Schneider-Platz 1 40212 Düsseldorf harun.tarim@duesseldorf.ihk.de 0211 3557 295"
      }
    },
    {
      "type": "Feature",
      "geometry": {
        "type": "Point",
        "coordinates": [
          13.3901476,
          52.4961762
        ]
      },
      "properties": {
        "name": "HWK Berlin",
        "display_name": "HWK Berlin Annelise Rothwell Blücherstraße 68 10961 Berlin rothwell@hwk-berlin.de 030 25903 396"
      }
    },
    {
      "type": "Feature",
      "geometry": {
        "type": "Point",
        "coordinates": [
          8.38198,
          51.90643
        ]
      },
      "properties": {
        "name": "KHS Gütersloh-Bielefeld",
        "display_name": "KHS Gütersloh-Bielefeld Maike-Selina Wittop Eickhoffstraße 3 33330 Gütersloh wittop@kh-gt-bi.de 05241 23484 17 | Christian-Elöd Zweig Eickhoffstraße 3 33330 Gütersloh zweig@kh-gt-bi.de 05241 23484 29"
      }
    },
    {
      "type": "Feature",
      "geometry": {
        "type": "Point",
        "coordinates": [
          11.4499122,
          48.1302071
        ]
      },
      "properties": {
        "name": "BV Garten-, Landschafts- und Sportplatzbau e.V.",
        "display_name": "BV Garten-, Landschafts- und Sportplatzbau e.V. Susann Liebe Lehárstraße 1 82166 Gräfelfing liebe@galabau-bayern.de 0170 7215080"
      }
    },
    {
      "type": "Feature",
      "geometry": {
        "type": "Point",
        "coordinates": [
          11.97128,
          51.47333
        ]
      },
      "properties": {
        "name": "HWK Halle",
        "display_name": "HWK Halle Silke Söhl Gräfestraße 24 06110 Halle (Saale) ssoehl@hwkhalle.de 0345 2999 337 | Lisa Weißenborn Gräfestraße 24 06110 Halle (Saale) lweissenborn@hwkhalle.de 0345 2999 337 | Peter Hoffrichter Gräfestraße 24 06110 Halle (Saale) phoffrichter@hwkhalle.de 0172 3633513"
      }
    },
    {
      "type": "Feature",
      "geometry": {
        "type": "Point",
        "coordinates": [
          11.5977084,
          49.9415936
        ]
      },
      "properties": {
        "name": "HWK für Oberfranken (Bayreuth)",
        "display_name": "HWK für Oberfranken (Bayreuth) Jörg Reis Äußere Badstr. 24 95448 Bayreuth joerg.reis@hwk-oberfranken.de 0921 910 212"
      }
    },
    {
      "type": "Feature",
      "geometry": {
        "type": "Point",
        "coordinates": [
          10.91752,
          48.34925
        ]
      },
      "properties": {
        "name": "HWK für Schwaben (Augsburg)",
        "display_name": "HWK für Schwaben (Augsburg) Marcos Pangestu Siebentischstraße 52-58 86161 Augsburg marcos.pangestu@hwk-schwaben.de 0821 3259 1328"
      }
    },
    {
      "type": "Feature",
      "geometry": {
        "type": "Point",
        "coordinates": [
          8.7992522,
          53.1082519
        ]
      },
      "properties": {
        "name": "HandWERK gGmbH Kompetenzzentrum der HWK Bremen",
        "display_name": "HandWERK gGmbH Kompetenzzentrum der HWK Bremen Martin Kellner Schongauer Straße 2 28219 Bremen kellner.martin@handwerkbremen.de 0421 222744 314"
      }
    },
    {
      "type": "Feature",
      "geometry": {
        "type": "Point",
        "coordinates": [
          8.80665,
          53.07558
        ]
      },
      "properties": {
        "name": "RKW Nord e.V.",
        "display_name": "RKW Nord e.V. Naji Chehade Am Markt 13 28195 Bremen chehade@handelskammer-bremen.de 0421 3637 421"
      }
    },
    {
      "type": "Feature",
      "geometry": {
        "type": "Point",
        "coordinates": [
          8.6395738,
          50.0745031
        ]
      },
      "properties": {
        "name": "Bildungswerk BAU Hessen-Thüringen e.V. (BiW)",
        "display_name": "Bildungswerk BAU Hessen-Thüringen e.V. (BiW) Birgit Barfuß Am Poloplatz 4 60528 Frankfurt am Main barfuss@biw-bau.de 069 669006 22"
      }
    },
    {
      "type": "Feature",
      "geometry": {
        "type": "Point",
        "coordinates": [
          7.10021,
          50.728
        ]
      },
      "properties": {
        "name": "IHK Bonn / Rhein-Sieg",
        "display_name": "IHK Bonn / Rhein-Sieg Nicola Inden Bonner Talweg 17 53113 Bonn inden@bonn.ihk.de 0228 2284 148 | Franziska Faber Bonner Talweg 17 53113 Bonn faber@bonn.ihk.de 0228 2284 216"
      }
    },
    {
      "type": "Feature",
      "geometry": {
        "type": "Point",
        "coordinates": [
          7.63269,
          51.98699
        ]
      },
      "properties": {
        "name": "Landwirtschaftskammer NRW",
        "display_name": "Landwirtschaftskammer NRW Hanna Schulze-Johannes Nevinghoff 40 48147 Münster Hanna.Schulze-Johannes@lwk.nrw.de 0251 2376 471"
      }
    },
    {
      "type": "Feature",
      "geometry": {
        "type": "Point",
        "coordinates": [
          8.6683323,
          50.1157879
        ]
      },
      "properties": {
        "name": "HWK Frankfurt-Rhein-Main",
        "display_name": "HWK Frankfurt-Rhein-Main Zeynel Tekin Bockenheimer Landstraße 21 60325 Frankfurt am Main tekin@hwk-rhein-main.de 069 97172 238"
      }
    },
    {
      "type": "Feature",
      "geometry": {
        "type": "Point",
        "coordinates": [
          9.4930036,
          51.3163438
        ]
      },
      "properties": {
        "name": "HWK Kassel",
        "display_name": "HWK Kassel Anna-Lena Bayer Scheidemannplatz 2 34117 Kassel anna-lena.bayer@hwk-kassel.de 0561 7888 184"
      }
    },
    {
      "type": "Feature",
      "geometry": {
        "type": "Point",
        "coordinates": [
          8.25986,
          50.08255
        ]
      },
      "properties": {
        "name": "HWK Wiesbaden",
        "display_name": "HWK Wiesbaden Anja Sabrina Kloos Bierstadter Straße 45 65189 Wiesbaden anja.kloos@hwk-wiesbaden.de 0611 136 150"
      }
    },
    {
      "type": "Feature",
      "geometry": {
        "type": "Point",
        "coordinates": [
          11.62618,
          52.14509
        ]
      },
      "properties": {
        "name": "Bau Bildung Sachsen-Anhalt e.V.",
        "display_name": "Bau Bildung Sachsen-Anhalt e.V. Ralph Spröte Lorenzweg 56 39128 Magdeburg r.sproete@bauausbildung.de 0391 28965 703 | Sven Hellmich Lorenzweg 56 39128 Magdeburg s.hellmich@bauausbildung.de 0391 28965 29 | Carlos Eduardo da Silva Almeida Lorenzweg 56 39128 Magdeburg c.almeida@bauausbildung.de 0345 61344 22"
      }
    },
    {
      "type": "Feature",
      "geometry": {
        "type": "Point",
        "coordinates": [
          7.98811,
          53.19827
        ]
      },
      "properties": {
        "name": "Verein zur Berufsförderung der Bauwirtschaft",
        "display_name": "Verein zur Berufsförderung der Bauwirtschaft Jennifer Oltmanns Virchowstr. 5 26160 Bad Zwischenahn oltmanns@bau-abc-rostrup.de 04403 97950 | Jessica Samira Illmann Virchowstr. 5 26160 Bad Zwischenahn illmann@bauabc.de 05130 97730"
      }
    },
    {
      "type": "Feature",
      "geometry": {
        "type": "Point",
        "coordinates": [
          8.35736,
          50.04367
        ]
      },
      "properties": {
        "name": "BV Garten-, Landschafts- und Sportplatzbau e.V.",
        "display_name": "BV Garten-, Landschafts- und Sportplatzbau e.V. Mladan Belic Max-Planck-Ring 37 65205 Wiesbaden-Delkenheim wilo@galabau-ht.de 06122 9311 422"
      }
    },
    {
      "type": "Feature",
      "geometry": {
        "type": "Point",
        "coordinates": [
          11.4037444,
          53.6301358
        ]
      },
      "properties": {
        "name": "HWK Schwerin",
        "display_name": "HWK Schwerin Sebastian Köpke Friedensstraße 4a 19053 Schwerin s.koepke@hwk-schwerin.de 0385 6435 178"
      }
    },
    {
      "type": "Feature",
      "geometry": {
        "type": "Point",
        "coordinates": [
          7.43894,
          52.27064
        ]
      },
      "properties": {
        "name": "KHS Steinfurt-Warendorf",
        "display_name": "KHS Steinfurt-Warendorf Jens Bökenfeld Laugestraße 51 48431 Rheine jens.boekenfeld@kh-st-waf.de 05971 4003 6020 | Thomas Laukemper Laugestraße 51 48431 Rheine thomas.laukemper@kh-st-waf.de 05971 4003 6040"
      }
    },
    {
      "type": "Feature",
      "geometry": {
        "type": "Point",
        "coordinates": [
          9.6817,
          53.74198
        ]
      },
      "properties": {
        "name": "HWK Lübeck",
        "display_name": "HWK Lübeck Tanja Müller Ramskamp 6 25337 Elmshorn tmueller@hwk-luebeck.de 04121 4739 642"
      }
    },
    {
      "type": "Feature",
      "geometry": {
        "type": "Point",
        "coordinates": [
          6.96122,
          50.93471
        ]
      },
      "properties": {
        "name": "HWK zu Köln",
        "display_name": "HWK zu Köln Leonie Arndt Heumarkt 12 50667 Köln leonie.arndt@hwk-koeln.de 0221 2022 418"
      }
    },
    {
      "type": "Feature",
      "geometry": {
        "type": "Point",
        "coordinates": [
          7.05644,
          51.57656
        ]
      },
      "properties": {
        "name": "IHK Nord Westfalen",
        "display_name": "IHK Nord Westfalen Tim Lukas Rathausplatz 7 45894 Gelsenkirchen tim.lukas@ihk-nordwestfalen.de 0209 388 530"
      }
    },
    {
      "type": "Feature",
      "geometry": {
        "type": "Point",
        "coordinates": [
          7.6133,
          51.95013
        ]
      },
      "properties": {
        "name": "HWK Münster",
        "display_name": "HWK Münster Maximilian Berger Echelmeyerstraße 1-2 48163 Münster maximilian.berger@hwk-muenster.de 0251 7051772 | Mustafa Schat Echelmeyerstraße 1-2 48163 Münster mustafa.schat@hwk-muenster.de 0251 705 1175 | Jan Paffrath Echelmeyerstraße 1-2 48163 Münster jan.paffrath@hwk-muenster.de 0251 705 1365"
      }
    },
    {
      "type": "Feature",
      "geometry": {
        "type": "Point",
        "coordinates": [
          12.04226,
          54.14095
        ]
      },
      "properties": {
        "name": "Steuerberaterkammer Mecklenburg-Vorpommern",
        "display_name": "Steuerberaterkammer Mecklenburg-Vorpommern Björn Haß Ostseeallee 40 18107 Rostock b.hass@stbk-mv.de 0381 7767 673"
      }
    },
    {
      "type": "Feature",
      "geometry": {
        "type": "Point",
        "coordinates": [
          8.21622,
          53.1436404
        ]
      },
      "properties": {
        "name": "IHK Oldenburg",
        "display_name": "IHK Oldenburg Bettina Doneit Moslestraße 6 26122 Oldenburg bettina.doneit@oldenburg.ihk.de 0441 2220 478 | Sonja Katrina Fehn Moslestraße 6 26122 Oldenburg sonja-katharina.fehn@oldenburg.ihk.de 0441 2220 469"
      }
    },
    {
      "type": "Feature",
      "geometry": {
        "type": "Point",
        "coordinates": [
          7.7801,
          51.68776
        ]
      },
      "properties": {
        "name": "Berufsförderungswerk der Bauindustrie NRW gGmbH (Hamm)",
        "display_name": "Berufsförderungswerk der Bauindustrie NRW gGmbH (Hamm) Ivonne Kunkel Bromberger Straße 4-6 59065 Hamm i.kunkel@bauindustrie-nrw.de 02381 395 261"
      }
    },
    {
      "type": "Feature",
      "geometry": {
        "type": "Point",
        "coordinates": [
          6.67674,
          50.87832
        ]
      },
      "properties": {
        "name": "Berufsförderungswerk der Bauindustrie NRW",
        "display_name": "Berufsförderungswerk der Bauindustrie NRW Verena Schölzel Humboldtstraße 30-36 50171 Kerpen v.schoelzel@bauindustrie-nrw.de 02237 561833"
      }
    },
    {
      "type": "Feature",
      "geometry": {
        "type": "Point",
        "coordinates": [
          6.909702,
          51.4933454
        ]
      },
      "properties": {
        "name": "BV Garten-, Landschafts- und Sportplatzbau e.V.",
        "display_name": "BV Garten-, Landschafts- und Sportplatzbau e.V. Martin Müller Sühlstraße 6 46117 Oberhausen m.mueller@galabau-nrw.de 02581 635872"
      }
    },
    {
      "type": "Feature",
      "geometry": {
        "type": "Point",
        "coordinates": [
          9.90863,
          49.80024
        ]
      },
      "properties": {
        "name": "Handwerkskammer Service GmbH Würzburg",
        "display_name": "Handwerkskammer Service GmbH Würzburg Sandra Bürger Daimlerstraße 7 97082 Würzburg sandra.buerger@hwk-service.de 0170 1261 678"
      }
    },
    {
      "type": "Feature",
      "geometry": {
        "type": "Point",
        "coordinates": [
          8.75335,
          50.33403
        ]
      },
      "properties": {
        "name": "IHK Gießen-Friedberg",
        "display_name": "IHK Gießen-Friedberg Dr. Katja Kotlenga Goetheplatz 3 61169 Friedberg katja.kotlenga@giessen-friedberg.ihk.de 06031 6093 135"
      }
    },
    {
      "type": "Feature",
      "geometry": {
        "type": "Point",
        "coordinates": [
          11.9799,
          51.49212
        ]
      },
      "properties": {
        "name": "Berufliches Bildungswerk e.V. Halle-Saalkreis",
        "display_name": "Berufliches Bildungswerk e.V. Halle-Saalkreis Moritz Kolb Lessingstr. 30 06114 Halle (Saale) kontakt@bbw-halle.de 0345 564970"
      }
    },
    {
      "type": "Feature",
      "geometry": {
        "type": "Point",
        "coordinates": [
          9.44061,
          54.7838
        ]
      },
      "properties": {
        "name": "HWK Flensburg",
        "display_name": "HWK Flensburg Gitta Ketelsen Johanniskirchhof 1-7 24937 Flensburg g.ketelsen@hwk-flensburg.de 0461 866 293"
      }
    },
    {
      "type": "Feature",
      "geometry": {
        "type": "Point",
        "coordinates": [
          7.457999,
          51.4887013
        ]
      },
      "properties": {
        "name": "HWK Dortmund",
        "display_name": "HWK Dortmund Franc Musolli Ardeystraße 93 44139 Dortmund franc.musolli@hwk-do.de 0231 5493 410 | Robin Walczysko Ardeystraße 93 44139 Dortmund robin.walczysko@hwk-do.de 0231 5493 475 | Anna Tenholt Ardeystraße 93 44139 Dortmund anna.tenholt@hwk-do.de 0231 5493 625"
      }
    },
    {
      "type": "Feature",
      "geometry": {
        "type": "Point",
        "coordinates": [
          7.6133,
          51.95013
        ]
      },
      "properties": {
        "name": "HWK Münster",
        "display_name": "HWK Münster Maximilian Berger Echelmeyerstraße 1-2 48163 Münster maximilian.berger@hwk-muenster.de 0251 7051772 | Mustafa Schat Echelmeyerstraße 1-2 48163 Münster mustafa.schat@hwk-muenster.de 0251 705 1175 | Jan Paffrath Echelmeyerstraße 1-2 48163 Münster jan.paffrath@hwk-muenster.de 0251 705 1365"
      }
    },
    {
      "type": "Feature",
      "geometry": {
        "type": "Point",
        "coordinates": [
          8.53649,
          52.03279
        ]
      },
      "properties": {
        "name": "HWK Ostwestfalen-Lippe zu Bielefeld",
        "display_name": "HWK Ostwestfalen-Lippe zu Bielefeld Hildegard Kuckuk Campus Handwerk 1 33613 Bielefeld hildegard.kuckuk@hwk-owl.de 0521 5608 324"
      }
    },
    {
      "type": "Feature",
      "geometry": {
        "type": "Point",
        "coordinates": [
          8.21622,
          53.1436404
        ]
      },
      "properties": {
        "name": "IHK Oldenburg",
        "display_name": "IHK Oldenburg Bettina Doneit Moslestraße 6 26122 Oldenburg bettina.doneit@oldenburg.ihk.de 0441 2220 478 | Sonja Katrina Fehn Moslestraße 6 26122 Oldenburg sonja-katharina.fehn@oldenburg.ihk.de 0441 2220 469"
      }
    },
    {
      "type": "Feature",
      "geometry": {
        "type": "Point",
        "coordinates": [
          6.759613,
          51.2074782
        ]
      },
      "properties": {
        "name": "HWK Düsseldorf",
        "display_name": "HWK Düsseldorf Rex Michael Mähr Georg-Schulhoff-Platz 1 40221 Düsseldorf rex.maehr@hwk-duesseldorf.de 0211 8795 604"
      }
    },
    {
      "type": "Feature",
      "geometry": {
        "type": "Point",
        "coordinates": [
          8.38198,
          51.90643
        ]
      },
      "properties": {
        "name": "KHS Gütersloh-Bielefeld",
        "display_name": "KHS Gütersloh-Bielefeld Maike-Selina Wittop Eickhoffstraße 3 33330 Gütersloh wittop@kh-gt-bi.de 05241 23484 17 | Christian-Elöd Zweig Eickhoffstraße 3 33330 Gütersloh zweig@kh-gt-bi.de 05241 23484 29"
      }
    },
    {
      "type": "Feature",
      "geometry": {
        "type": "Point",
        "coordinates": [
          6.7839677,
          51.224759
        ]
      },
      "properties": {
        "name": "IHK Düsseldorf",
        "display_name": "IHK Düsseldorf Georg Judin Ernst-Schneider-Platz 1 40212 Düsseldorf georg.judin@duesseldorf.ihk.de 0211 3557 365 | Rachid El Mellah Ernst-Schneider-Platz 1 40212 Düsseldorf elmellah@duesseldorf.ihk.de 0211 3557 423 | Harun Tarim Ernst-Schneider-Platz 1 40212 Düsseldorf harun.tarim@duesseldorf.ihk.de 0211 3557 295"
      }
    },
    {
      "type": "Feature",
      "geometry": {
        "type": "Point",
        "coordinates": [
          7.61545,
          51.9443
        ]
      },
      "properties": {
        "name": "IHK Nord Westfalen",
        "display_name": "IHK Nord Westfalen Dr. André Boeing Sentmaringer Weg 61 48151 Münster andre.boeing@ihk-nordwestfalen.de 0251 707 413 | Anke Leufgen Sentmaringer Weg 61 48151 Münster anke.leufgen@ihk-nordwestfalen.de 0251 707411"
      }
    },
    {
      "type": "Feature",
      "geometry": {
        "type": "Point",
        "coordinates": [
          13.05699,
          52.39956
        ]
      },
      "properties": {
        "name": "HWK Potsdam",
        "display_name": "HWK Potsdam Carina Bischoff Charlottenstraße 34-36 14467 Potsdam carina.bischoff@hwkpotsdam.de 033207 34 211"
      }
    },
    {
      "type": "Feature",
      "geometry": {
        "type": "Point",
        "coordinates": [
          6.81538,
          50.91027
        ]
      },
      "properties": {
        "name": "KHS Rhein-Erft",
        "display_name": "KHS Rhein-Erft Joud Nahhas Kölner Straße 2 50226 Frechen joud.nahhas@handwerk-rhein-erft.de 02234 52222"
      }
    },
    {
      "type": "Feature",
      "geometry": {
        "type": "Point",
        "coordinates": [
          7.22406,
          51.48103
        ]
      },
      "properties": {
        "name": "IHK Mittleres Ruhrgebiet",
        "display_name": "IHK Mittleres Ruhrgebiet Malak El-Chkief Ostring 30-32 44787 Bochum el-chkief@bochum.ihk.de 0234 911 3166"
      }
    },
    {
      "type": "Feature",
      "geometry": {
        "type": "Point",
        "coordinates": [
          12.4327,
          51.36849
        ]
      },
      "properties": {
        "name": "Bau Bildung Sachsen e.V.",
        "display_name": "Bau Bildung Sachsen e.V. Phillipp-Georg Stephan Heiterblickstraße 36 04347 Leipzig p.stephan@bau-bildung.de 0341 2455 789"
      }
    },
    {
      "type": "Feature",
      "geometry": {
        "type": "Point",
        "coordinates": [
          9.94247,
          49.79551
        ]
      },
      "properties": {
        "name": "HWK für Unterfranken (Würzburg)",
        "display_name": "HWK für Unterfranken (Würzburg) Wiebke Schindler Rennweger Ring 3 97070 Würzburg w.schindler@hwk-ufr.de 0931 4503 2751"
      }
    },
    {
      "type": "Feature",
      "geometry": {
        "type": "Point",
        "coordinates": [
          7.43894,
          52.27064
        ]
      },
      "properties": {
        "name": "KHS Steinfurt-Warendorf",
        "display_name": "KHS Steinfurt-Warendorf Jens Bökenfeld Laugestraße 51 48431 Rheine jens.boekenfeld@kh-st-waf.de 05971 4003 6020 | Thomas Laukemper Laugestraße 51 48431 Rheine thomas.laukemper@kh-st-waf.de 05971 4003 6040"
      }
    },
    {
      "type": "Feature",
      "geometry": {
        "type": "Point",
        "coordinates": [
          8.01295,
          50.86941
        ]
      },
      "properties": {
        "name": "IHK Siegen",
        "display_name": "IHK Siegen Vera Moser Koblenzer Straße 121 57072 Siegen vera.moser@siegen.ihk.de 0271 3302215"
      }
    },
    {
      "type": "Feature",
      "geometry": {
        "type": "Point",
        "coordinates": [
          9.12921,
          48.69249
        ]
      },
      "properties": {
        "name": "BV Garten-, Landschafts- und Sportplatzbau e.V.",
        "display_name": "BV Garten-, Landschafts- und Sportplatzbau e.V. Abin Thomas Filderstr. 109 70771 Leinfelden-Echterdingen thomas@galabau-bw.de 07119 75660"
      }
    },
    {
      "type": "Feature",
      "geometry": {
        "type": "Point",
        "coordinates": [
          10.1346685,
          54.3221263
        ]
      },
      "properties": {
        "name": "HWK Lübeck",
        "display_name": "HWK Lübeck Carmen Haas Willestraße 5-7 24103 Kiel chaas@hwk-luebeck.de 0431 53332-816"
      }
    },
    {
      "type": "Feature",
      "geometry": {
        "type": "Point",
        "coordinates": [
          10.68776,
          53.87069
        ]
      },
      "properties": {
        "name": "HWK Lübeck",
        "display_name": "HWK Lübeck Thorsten Anders Breite Straße 10/12 23552 Lübeck tanders@hwk-luebeck.de 0451 1506 171"
      }
    },
    {
      "type": "Feature",
      "geometry": {
        "type": "Point",
        "coordinates": [
          13.76784,
          51.08322
        ]
      },
      "properties": {
        "name": "HWK Dresden",
        "display_name": "HWK Dresden Daria Gehdt Am Lagerplatz 8 01099 Dresden daria.gehdt@hwk-dresden.de 0351 4640 938"
      }
    },
    {
      "type": "Feature",
      "geometry": {
        "type": "Point",
        "coordinates": [
          6.97318,
          49.23375
        ]
      },
      "properties": {
        "name": "HWK des Saarlandes",
        "display_name": "HWK des Saarlandes Nadine Kirchner Hohenzollernstraße 47-49 66117 Saarbrücken n.kirchner@hwk-saarland.de 0681 5809 247"
      }
    },
    {
      "type": "Feature",
      "geometry": {
        "type": "Point",
        "coordinates": [
          12.3918,
          51.33903
        ]
      },
      "properties": {
        "name": "HWK zu Leipzig",
        "display_name": "HWK zu Leipzig Tanja Grobitzsch Dresdner Straße 11-13 04103 Leipzig grobitzsch.t@hwk-leipzig.de 034291 30 123"
      }
    },
    {
      "type": "Feature",
      "geometry": {
        "type": "Point",
        "coordinates": [
          12.87275,
          50.83072
        ]
      },
      "properties": {
        "name": "HWK Chemnitz",
        "display_name": "HWK Chemnitz Yvonne Hartwig Limbacher Str. 195 09116 Chemnitz y.hartwig@hwk-chemnitz.de 0371 5364 264"
      }
    },
    {
      "type": "Feature",
      "geometry": {
        "type": "Point",
        "coordinates": [
          6.7839677,
          51.224759
        ]
      },
      "properties": {
        "name": "IHK Düsseldorf",
        "display_name": "IHK Düsseldorf Georg Judin Ernst-Schneider-Platz 1 40212 Düsseldorf georg.judin@duesseldorf.ihk.de 0211 3557 365 | Rachid El Mellah Ernst-Schneider-Platz 1 40212 Düsseldorf elmellah@duesseldorf.ihk.de 0211 3557 423 | Harun Tarim Ernst-Schneider-Platz 1 40212 Düsseldorf harun.tarim@duesseldorf.ihk.de 0211 3557 295"
      }
    },
    {
      "type": "Feature",
      "geometry": {
        "type": "Point",
        "coordinates": [
          11.62618,
          52.14509
        ]
      },
      "properties": {
        "name": "Bau Bildung Sachsen-Anhalt e.V.",
        "display_name": "Bau Bildung Sachsen-Anhalt e.V. Ralph Spröte Lorenzweg 56 39128 Magdeburg r.sproete@bauausbildung.de 0391 28965 703 | Sven Hellmich Lorenzweg 56 39128 Magdeburg s.hellmich@bauausbildung.de 0391 28965 29 | Carlos Eduardo da Silva Almeida Lorenzweg 56 39128 Magdeburg c.almeida@bauausbildung.de 0345 61344 22"
      }
    },
    {
      "type": "Feature",
      "geometry": {
        "type": "Point",
        "coordinates": [
          14.54604,
          52.33853
        ]
      },
      "properties": {
        "name": "HWK Frankfurt (Oder)",
        "display_name": "HWK Frankfurt (Oder) Julia Kreß Bahnhofstraße 12 15230 Frankfurt (Oder) julia.kress@hwk-ff.de 0335 5619 204 | Ines Kuther Bahnhofstraße 12 15230 Frankfurt (Oder) ines.kuther@hwk-ff.de 0335 5619 153"
      }
    },
    {
      "type": "Feature",
      "geometry": {
        "type": "Point",
        "coordinates": [
          11.02864,
          50.9783
        ]
      },
      "properties": {
        "name": "HWK Erfurt",
        "display_name": "HWK Erfurt Enida Baljic Fischmarkt 13 99084 Erfurt ebaljic@hwk-erfurt.de 0361 67075471"
      }
    },
    {
      "type": "Feature",
      "geometry": {
        "type": "Point",
        "coordinates": [
          14.54604,
          52.33853
        ]
      },
      "properties": {
        "name": "HWK Frankfurt (Oder)",
        "display_name": "HWK Frankfurt (Oder) Julia Kreß Bahnhofstraße 12 15230 Frankfurt (Oder) julia.kress@hwk-ff.de 0335 5619 204 | Ines Kuther Bahnhofstraße 12 15230 Frankfurt (Oder) ines.kuther@hwk-ff.de 0335 5619 153"
      }
    },
    {
      "type": "Feature",
      "geometry": {
        "type": "Point",
        "coordinates": [
          7.61893,
          51.95594
        ]
      },
      "properties": {
        "name": "HWK Münster",
        "display_name": "HWK Münster Joana Koldehoff Bismarckallee 1 48151 Münster Joana.Koldehoff@hwk-muenster.de"
      }
    },
    {
      "type": "Feature",
      "geometry": {
        "type": "Point",
        "coordinates": [
          11.62618,
          52.14509
        ]
      },
      "properties": {
        "name": "Bau Bildung Sachsen-Anhalt e.V.",
        "display_name": "Bau Bildung Sachsen-Anhalt e.V. Ralph Spröte Lorenzweg 56 39128 Magdeburg r.sproete@bauausbildung.de 0391 28965 703 | Sven Hellmich Lorenzweg 56 39128 Magdeburg s.hellmich@bauausbildung.de 0391 28965 29 | Carlos Eduardo da Silva Almeida Lorenzweg 56 39128 Magdeburg c.almeida@bauausbildung.de 0345 61344 22"
      }
    },
    {
      "type": "Feature",
      "geometry": {
        "type": "Point",
        "coordinates": [
          7.58441,
          50.36044
        ]
      },
      "properties": {
        "name": "HWK Koblenz",
        "display_name": "HWK Koblenz Thomas Risser St. Elisabeth-Straße 2 56073 Koblenz thomas.Risser@hwk-koblenz.de 0261 398445 / 0178 8703492"
      }
    },
    {
      "type": "Feature",
      "geometry": {
        "type": "Point",
        "coordinates": [
          7.457999,
          51.4887013
        ]
      },
      "properties": {
        "name": "HWK Dortmund",
        "display_name": "HWK Dortmund Franc Musolli Ardeystraße 93 44139 Dortmund franc.musolli@hwk-do.de 0231 5493 410 | Robin Walczysko Ardeystraße 93 44139 Dortmund robin.walczysko@hwk-do.de 0231 5493 475 | Anna Tenholt Ardeystraße 93 44139 Dortmund anna.tenholt@hwk-do.de 0231 5493 625"
      }
    },
    {
      "type": "Feature",
      "geometry": {
        "type": "Point",
        "coordinates": [
          12.72849,
          52.40567
        ]
      },
      "properties": {
        "name": "HWK Potsdam",
        "display_name": "HWK Potsdam Holger Münster Am Mühlenberg 15 14550 Groß Kreutz (Havel) holger.muenster@hwkpotsdam.de 033207 34 214"
      }
    },
    {
      "type": "Feature",
      "geometry": {
        "type": "Point",
        "coordinates": [
          6.77208,
          51.4309
        ]
      },
      "properties": {
        "name": "IHK Niederrhein",
        "display_name": "IHK Niederrhein Michal Kathrin Kramer Mercatorstraße 22-24 47051 Duisburg kramer@niederrhein.ihk.de 0203 2821 441"
      }
    },
    {
      "type": "Feature",
      "geometry": {
        "type": "Point",
        "coordinates": [
          9.49048,
          51.31705
        ]
      },
      "properties": {
        "name": "IHK Kassel-Marburg",
        "display_name": "IHK Kassel-Marburg Kristina Landefeld Kurfürstenstraße 9 34117 Kassel landefeld@kassel.ihk.de 0561 7891 316"
      }
    },
    {
      "type": "Feature",
      "geometry": {
        "type": "Point",
        "coordinates": [
          8.51884,
          51.9793
        ]
      },
      "properties": {
        "name": "Handwerksbildungszentrum Brackwede Fachbereich Bau e.V.",
        "display_name": "Handwerksbildungszentrum Brackwede Fachbereich Bau e.V. Ralf Broek Arnsberger Str. 1-3 33647 Bielefeld ralf.broek@hbz.de 0521 942843 98 | Markus Ortmann Arnsberger Str. 1-3 33647 Bielefeld markus.ortmann@hbz.de 0521 94284 38"
      }
    },
    {
      "type": "Feature",
      "geometry": {
        "type": "Point",
        "coordinates": [
          14.34014,
          51.76203
        ]
      },
      "properties": {
        "name": "IHK Cottbus",
        "display_name": "IHK Cottbus Charleen Thiele Goethestraße 1 03046 Cottbus charleen.thiele@cottbus.ihk.de 0355 3651 243"
      }
    },
    {
      "type": "Feature",
      "geometry": {
        "type": "Point",
        "coordinates": [
          12.07888,
          50.88155
        ]
      },
      "properties": {
        "name": "HWK Ostthüringen Gera",
        "display_name": "HWK Ostthüringen Gera Nancy Stauche Handwerkstraße 5 07545 Gera stauche@hwk-gera.de 03672 377 141"
      }
    },
    {
      "type": "Feature",
      "geometry": {
        "type": "Point",
        "coordinates": [
          9.39388,
          50.63407
        ]
      },
      "properties": {
        "name": "Bildungs- und Technologiezentrum für Elektro- und Informationstechnik (BZL)",
        "display_name": "Bildungs- und Technologiezentrum für Elektro- und Informationstechnik (BZL) Daniela Scharrer-Friedel Vogelsbergstraße 25 36341 Lauterbach scharrer@bzl-lauterbach.de 06641 9117 27"
      }
    },
    {
      "type": "Feature",
      "geometry": {
        "type": "Point",
        "coordinates": [
          9.70479,
          50.86287
        ]
      },
      "properties": {
        "name": "KHS Hersfeld-Rotenburg",
        "display_name": "KHS Hersfeld-Rotenburg Rakan Kirakosian Fuldastr. 16 36251 Bad Hersfeld rakan.kirakosian@kh-hef-rof.de 0152 56375890"
      }
    },
    {
      "type": "Feature",
      "geometry": {
        "type": "Point",
        "coordinates": [
          7.6133,
          51.95013
        ]
      },
      "properties": {
        "name": "HWK Münster",
        "display_name": "HWK Münster Maximilian Berger Echelmeyerstraße 1-2 48163 Münster maximilian.berger@hwk-muenster.de 0251 7051772 | Mustafa Schat Echelmeyerstraße 1-2 48163 Münster mustafa.schat@hwk-muenster.de 0251 705 1175 | Jan Paffrath Echelmeyerstraße 1-2 48163 Münster jan.paffrath@hwk-muenster.de 0251 705 1365"
      }
    },
    {
      "type": "Feature",
      "geometry": {
        "type": "Point",
        "coordinates": [
          8.04327,
          52.27236
        ]
      },
      "properties": {
        "name": "IHK Osnabrück-Emsland-Grafschaft Bentheim",
        "display_name": "IHK Osnabrück-Emsland-Grafschaft Bentheim Anna-Maria Brinkmann Neuer Graben 38 49074 Osnabrück brinkmann@osnabrueck.ihk.de 0541 353 433"
      }
    },
    {
      "type": "Feature",
      "geometry": {
        "type": "Point",
        "coordinates": [
          9.77581,
          52.36373
        ]
      },
      "properties": {
        "name": "IHK Projekte Hannover GmbH",
        "display_name": "IHK Projekte Hannover GmbH Frank Willmann Bischofsholer Damm 91 30173 Hannover frank.willmann@hannover.ihk.de 0511 3107 481 | Jaqueline Rohde Bischofsholer Damm 91 30173 Hannover jaqueline.rohde@hannover.ihk.de 0511 3107 482 | Valeriia Dulher Bischofsholer Damm 91 30173 Hannover valeriia.dulher@hannover.ihk.de 0511 3107 484"
      }
    },
    {
      "type": "Feature",
      "geometry": {
        "type": "Point",
        "coordinates": [
          9.77581,
          52.36373
        ]
      },
      "properties": {
        "name": "IHK Projekte Hannover GmbH",
        "display_name": "IHK Projekte Hannover GmbH Frank Willmann Bischofsholer Damm 91 30173 Hannover frank.willmann@hannover.ihk.de 0511 3107 481 | Jaqueline Rohde Bischofsholer Damm 91 30173 Hannover jaqueline.rohde@hannover.ihk.de 0511 3107 482 | Valeriia Dulher Bischofsholer Damm 91 30173 Hannover valeriia.dulher@hannover.ihk.de 0511 3107 484"
      }
    },
    {
      "type": "Feature",
      "geometry": {
        "type": "Point",
        "coordinates": [
          8.04676,
          52.84394
        ]
      },
      "properties": {
        "name": "KHS Cloppenburg",
        "display_name": "KHS Cloppenburg Carmen Krause Pingel-Anton 10 49661 Cloppenburg C.Krause@handwerk-cloppenburg.de 04471 179 46"
      }
    },
    {
      "type": "Feature",
      "geometry": {
        "type": "Point",
        "coordinates": [
          8.28064,
          52.73129
        ]
      },
      "properties": {
        "name": "KHS Vechta",
        "display_name": "KHS Vechta Constanze Niemöller An der Gräfte 22 49377 Vechta niemoeller@handwerk-vechta.de 04441 941 140"
      }
    },
    {
      "type": "Feature",
      "geometry": {
        "type": "Point",
        "coordinates": [
          7.66846,
          51.37298
        ]
      },
      "properties": {
        "name": "Berufsbildungszentrum der KHS Märkischer Kreis",
        "display_name": "Berufsbildungszentrum der KHS Märkischer Kreis Ina Amelung-Wiethoff Handwerkerstraße 2 58638 Iserlohn i.amelung-wiethoff@kh-mk.de 02371 9581 95"
      }
    },
    {
      "type": "Feature",
      "geometry": {
        "type": "Point",
        "coordinates": [
          8.51884,
          51.9793
        ]
      },
      "properties": {
        "name": "Handwerksbildungszentrum Brackwede Fachbereich Bau e.V.",
        "display_name": "Handwerksbildungszentrum Brackwede Fachbereich Bau e.V. Ralf Broek Arnsberger Str. 1-3 33647 Bielefeld ralf.broek@hbz.de 0521 942843 98 | Markus Ortmann Arnsberger Str. 1-3 33647 Bielefeld markus.ortmann@hbz.de 0521 94284 38"
      }
    },
    {
      "type": "Feature",
      "geometry": {
        "type": "Point",
        "coordinates": [
          7.98811,
          53.19827
        ]
      },
      "properties": {
        "name": "Verein zur Berufsförderung der Bauwirtschaft",
        "display_name": "Verein zur Berufsförderung der Bauwirtschaft Jennifer Oltmanns Virchowstr. 5 26160 Bad Zwischenahn oltmanns@bau-abc-rostrup.de 04403 97950 | Jessica Samira Illmann Virchowstr. 5 26160 Bad Zwischenahn illmann@bauabc.de 05130 97730"
      }
    },
    {
      "type": "Feature",
      "geometry": {
        "type": "Point",
        "coordinates": [
          11.97128,
          51.47333
        ]
      },
      "properties": {
        "name": "HWK Halle",
        "display_name": "HWK Halle Silke Söhl Gräfestraße 24 06110 Halle (Saale) ssoehl@hwkhalle.de 0345 2999 337 | Lisa Weißenborn Gräfestraße 24 06110 Halle (Saale) lweissenborn@hwkhalle.de 0345 2999 337 | Peter Hoffrichter Gräfestraße 24 06110 Halle (Saale) phoffrichter@hwkhalle.de 0172 3633513"
      }
    },
    {
      "type": "Feature",
      "geometry": {
        "type": "Point",
        "coordinates": [
          9.77581,
          52.36373
        ]
      },
      "properties": {
        "name": "IHK Projekte Hannover GmbH",
        "display_name": "IHK Projekte Hannover GmbH Frank Willmann Bischofsholer Damm 91 30173 Hannover frank.willmann@hannover.ihk.de 0511 3107 481 | Jaqueline Rohde Bischofsholer Damm 91 30173 Hannover jaqueline.rohde@hannover.ihk.de 0511 3107 482 | Valeriia Dulher Bischofsholer Damm 91 30173 Hannover valeriia.dulher@hannover.ihk.de 0511 3107 484"
      }
    },
    {
      "type": "Feature",
      "geometry": {
        "type": "Point",
        "coordinates": [
          6.9514,
          50.94284
        ]
      },
      "properties": {
        "name": "IHK zu Köln",
        "display_name": "IHK zu Köln Ilenia Pia Di Feo Unter Sachsenhausen 10-26 50667 Köln ilenia.difeo@koeln.ihk.de 0221 1640 6783 | Karoline Kaleta Unter Sachsenhausen 10-26 50667 Köln karoline.kaleta@koeln.ihk.de 0221 164060"
      }
    },
    {
      "type": "Feature",
      "geometry": {
        "type": "Point",
        "coordinates": [
          6.68045,
          49.77543
        ]
      },
      "properties": {
        "name": "HWK Trier",
        "display_name": "HWK Trier Petra Kollmann Loebstraße 18 54292 Trier pkollmann@hwk-trier.de 0651 207 232"
      }
    },
    {
      "type": "Feature",
      "geometry": {
        "type": "Point",
        "coordinates": [
          10.13537,
          54.32714
        ]
      },
      "properties": {
        "name": "IHK zu Kiel",
        "display_name": "IHK zu Kiel Maike Stüven Bergstraße 2 24103 Kiel maike.stueven@kiel.ihk.de 0431 5194 205"
      }
    },
    {
      "type": "Feature",
      "geometry": {
        "type": "Point",
        "coordinates": [
          6.9514,
          50.94284
        ]
      },
      "properties": {
        "name": "IHK zu Köln",
        "display_name": "IHK zu Köln Ilenia Pia Di Feo Unter Sachsenhausen 10-26 50667 Köln ilenia.difeo@koeln.ihk.de 0221 1640 6783 | Karoline Kaleta Unter Sachsenhausen 10-26 50667 Köln karoline.kaleta@koeln.ihk.de 0221 164060"
      }
    },
    {
      "type": "Feature",
      "geometry": {
        "type": "Point",
        "coordinates": [
          11.97128,
          51.47333
        ]
      },
      "properties": {
        "name": "HWK Halle",
        "display_name": "HWK Halle Silke Söhl Gräfestraße 24 06110 Halle (Saale) ssoehl@hwkhalle.de 0345 2999 337 | Lisa Weißenborn Gräfestraße 24 06110 Halle (Saale) lweissenborn@hwkhalle.de 0345 2999 337 | Peter Hoffrichter Gräfestraße 24 06110 Halle (Saale) phoffrichter@hwkhalle.de 0172 3633513"
      }
    },
    {
      "type": "Feature",
      "geometry": {
        "type": "Point",
        "coordinates": [
          9.19116,
          50.20188
        ]
      },
      "properties": {
        "name": "KHS Gelnhausen-Schlüchtern",
        "display_name": "KHS Gelnhausen-Schlüchtern Anett Kuykendall Brentanostraße 2 63571 Gelnhausen aku@kh-gelnhausen.de 06051 922813"
      }
    },
    {
      "type": "Feature",
      "geometry": {
        "type": "Point",
        "coordinates": [
          7.10021,
          50.728
        ]
      },
      "properties": {
        "name": "IHK Bonn / Rhein-Sieg",
        "display_name": "IHK Bonn / Rhein-Sieg Nicola Inden Bonner Talweg 17 53113 Bonn inden@bonn.ihk.de 0228 2284 148 | Franziska Faber Bonner Talweg 17 53113 Bonn faber@bonn.ihk.de 0228 2284 216"
      }
    },
    {
      "type": "Feature",
      "geometry": {
        "type": "Point",
        "coordinates": [
          8.66836,
          50.1154
        ]
      },
      "properties": {
        "name": "Verband Farbe Gestaltung Bautenschutz Hessen Landesinnungsverband",
        "display_name": "Verband Farbe Gestaltung Bautenschutz Hessen Landesinnungsverband Ralf Dreßbach Kettenhofweg 14-16 60325 Frankfurt am Main ralf.dressbach@farbe-hessen.de 069 97121314"
      }
    },
    {
      "type": "Feature",
      "geometry": {
        "type": "Point",
        "coordinates": [
          7.457999,
          51.4887013
        ]
      },
      "properties": {
        "name": "HWK Dortmund",
        "display_name": "HWK Dortmund Franc Musolli Ardeystraße 93 44139 Dortmund franc.musolli@hwk-do.de 0231 5493 410 | Robin Walczysko Ardeystraße 93 44139 Dortmund robin.walczysko@hwk-do.de 0231 5493 475 | Anna Tenholt Ardeystraße 93 44139 Dortmund anna.tenholt@hwk-do.de 0231 5493 625"
      }
    }
  ]
}